"variable","description"
"UT","Accession Number"
"AU","Authors"
"TI","Document Title"
"PY","Year Published"
"DI","Digital Object Identifier (DOI)"
"exclusion_flagged","Flagged for exclusion by the person coding sample size"
"study_number","Study number, ordered from first to last, where 1=1st study and so on. The number of studies is defined as the number of unique samples reported in the methods and results. For documents with multiple studies, each study has at least a partially unique sample set."
"sample_size","The sample size coded for each study."
"coder","The coder ID of the person coding the sample size for the corresponding study."
"coder_comment","Comments provided by the sample size coder."
"resolver","Person assigned to resolve coder comments and flagged exclusions."
"resolver_comment","Comments provided by the assigned resolver."
"excluded","Decision by resolver of whether to exclude record based on coder comment. 1=excluded."
"BA","Book Authors"
"BE","Editors"
"GP","Book Group Authors"
"AF","Author Full Name"
"BF","Book Authors Full Name"
"CA","Group Authors"
"SO","Publication Name"
"SE","Book Series Title"
"BS","Book Series Subtitle"
"LA","Language"
"DT","Document Type"
"CT","Conference Title"
"CY","Conference Date"
"CL","Conference Location"
"SP","Conference Sponsors"
"HO","Conference Host"
"DE","Author Keywords"
"ID","Keywords Plus�"
"AB","Abstract"
"C1","Author Address"
"RP","Reprint Address"
"EM","E-mail Address"
"RI","ResearcherID Number"
"OI","ORCID Identifier (Open Researcher and Contributor ID)"
"FU","Funding Agency and Grant Number"
"FX","Funding Text"
"CR","Cited References"
"NR","Cited Reference Count"
"TC","Web of Science Core Collection Times Cited Count"
"Z9","Total Times Cited Count (Web of Science Core Collection, BIOSIS Citation Index, Chinese Science Citation Database, Data Citation Index, Russian Science Citation Index, SciELO Citation Index)"
"U1","Usage Count (Last 180 Days)"
"U2","Usage Count (Since 2013)"
"PU","Publisher"
"PI","Publisher City"
"PA","Publisher Address"
"SN","International Standard Serial Number (ISSN)"
"EI","Electronic International Standard Serial Number (eISSN)"
"BN","International Standard Book Number (ISBN)"
"J9","29-Character Source Abbreviation"
"JI","ISO Source Abbreviation"
"PD","Publication Date"
"VL","Volume"
"IS","Issue"
"PN","Part Number"
"SU","Supplement"
"SI","Special Issue"
"MA","Meeting Abstract"
"BP","Beginning Page"
"EP","Ending Page"
"AR","Article Number"
"D2","Book Digital Object Identifier (DOI)"
"EA","Early access date"
"EY","Early access year"
"PG","Page Count"
"WC","Web of Science Categories"
"SC","Research Areas"
"GA","Document Delivery Number"
"PM","PubMed ID"
"OA","Open Access Indicator"
"HC","ESI Highly Cited Paper. Note that this field is valued only for ESI subscribers."
"HP","ESI Hot Paper. Note that this field is valued only for ESI subscribers."
"DA","Date this report was generated."
"source","the search strategy that identified this document. ""searchterm"" refers to documents that were identified through search for relevant terms in Web of Science. ""journal"" refers to records included in either of the five social neuroscience journals."
"file","the name of the file in source_data/metadata_WoS/ that contains the information about this document."
"crossref_citations","Crossref citation counts, downloaded 2020-10-30"
"scopus_citations","Scopus citation counts, downloaded 2020-10-30"
"altmetric_score","Altmetric score, downloaded 2020-10-30"
"TC_2020","Web of Science Core Collection Times Cited Count, updated 2020-11-07"
"cluster_id1","CWTS cluster ID for the primary cluster to which the article belongs"
"n_pubs","Number of publications in the primary cluster to which the article belongs"
"label1","Descriptive label for the primary cluster to which the article belongs"
"label2","Descriptive label for the primary cluster to which the article belongs"
"label3","Descriptive label for the primary cluster to which the article belongs"
"label4","Descriptive label for the primary cluster to which the article belongs"
"label5","Descriptive label for the primary cluster to which the article belongs"
"tcs","Total Citation Score. CWTS citation counts - excluding self-citations, downloaded 2020-10-28"
"mcs","Mean Citation Score. Identical to ""tcs"" since scores are calculated for individual articles."
"tncs","Total Normalized Citation Score. CWTS citation impact of article relative to the primary cluster to which the article belongs. The score represents how many more times the article is cited relative to the average citation count of an article in its cluster from the same year. I.e. An article that is cited 10 times, and that belongs to a cluster in which articles of the same age are cited 4 times on average, will receive a tncs score of 10/4=2.5"
"mncs","Mean Normalized Citation Score. Identical to ""tncs"" since scores are calculated for individual articles."
"mnjs","Identical to ""tcs"" since scores are calculated for individual articles."
"pp_top_perc","Proportion of Journal Subject Categories to which the article belongs, in which the article is among the top ten percent most highly cited. For example, if an article belongs to 4 Journal Subject Categories, and is among the top ten most highly cited in 2 of those categories, it's pp_top_perc score would be 2/4=0.5."
"pp_uncited","Binary. Is ""tcs"" citation counts for the article equal to 0? 1=yes, 0=no"
"prop_self_cits","The proportion of the ""tcs"" citation counts that are self-citations"
"int_cov","From CWTS: This was developed as an indicator of the fit of applying research metrics in research evaluation procedures. The working hypothesis is that the higher the int_cov, the more relevant is the literature in WoS for the scholarly communication a paper belongs to, e.g. in a certain field (so int_cov is normally very high, up to >80% in life, natural, and biomedical sciences, and high in psychology and the cognitive sciences >70%). Vice versa, if the int_cov is low, the adequacy of research metrics is research assessment contexts is relatively poor (e.g., in law, political science, all of the humanities)."
"p_oa","Binary. Is the article open access? 1=yes, 0=no"
"p_oa_gold","Binary. Is the article gold open access? 1=yes, 0=no"
"p_oa_bronze","Binary. Is the article bronze open access? 1=yes, 0=no"
"p_oa_hybrid","Binary. Is the article record hybrid open access? 1=yes, 0=no"
"p_oa_green","Binary. Is the article green open access? 1=yes, 0=no"
"sample_size_orig","Sample size as coded by the original (BA student) coder."
"sample_size_BA","Sample size, double-coded by a BA student coder."
"sample_size_PhD","Sample size, double-coded by a PhD student coder (project lead)."
"sample_size_final","The final sample size after PhD coder resolved disagreements between coders"
"matches_orig_BA","Binary variable denoting equality between the sample sizes coded by original coder and BA double-coder (1=""equal"", 0=""different"")"
"matches_orig_PhD","Binary variable denoting equality between the sample sizes coded by original coder and PhD double-coder (1=""equal"", 0=""different"")"
"matches_BA_PhD","Binary variable denoting equality between the sample sizes coded by BA double-coder and PhD double-coder (1=""equal"", 0=""different"")"
"matches_all","Binary variable denoting equality between the sample sizes coded by all three coders (1=""equal"", 0=""at least one different"")"
"irr_resolver","Person assigned to resolve disagreements between sample size coders."
"irr_resolver_comment","Comments provided by the person assigned to resolve disagreements between sample size coders."
"scite_total_citation_count","The total scite citation count obtained by summing up all the yearly scite citation counts for each article from publication until year 2020. Data downloaded 2021-08-23."
